Fecha,Producto,Categoria,Region,Canal,Cantidad,Precio,Costo,Venta_Total,Costo_Total,Ganancia,Margen_Porcentaje
2026-01-01,Escritorio,Mobiliario,Arequipa,Tienda Fisica,3,1439,1216.17,4317,3648.51,668.4899999999998,15.48505906879777
2026-01-02,Teclado,Tecnologia,Lima,Tienda Fisica,1,343,216.33,343,216.33,126.66999999999999,36.93002915451895
2026-01-03,Mouse,Tecnologia,Trujillo,Tienda Fisica,9,589,395.86,5301,3562.7400000000002,1738.2599999999998,32.791171477079786
2026-01-04,Escritorio,Mobiliario,Trujillo,B2B,8,111,90.74,888,725.92,162.08000000000004,18.25225225225226
2026-01-05,Monitor,Tecnologia,Piura,Tienda Fisica,2,660,363.58,1320,727.16,592.84,44.912121212121214
2026-01-06,Audifonos,Mobiliario,Arequipa,Tienda Fisica,8,141,79.23,1128,633.84,494.15999999999997,43.80851063829787
2026-01-07,Mouse,Accesorios,Piura,Tienda Fisica,9,2825,2065.7,25425,18591.3,6833.700000000001,26.87787610619469
2026-01-08,Mouse,Tecnologia,Arequipa,Tienda Fisica,1,693,569.79,693,569.79,123.21000000000004,17.779220779220783
2026-01-09,Escritorio,Accesorios,Piura,App Movil,5,1552,964.81,7760,4824.049999999999,2935.9500000000007,37.83440721649485
2026-01-10,Celular,Mobiliario,Cusco,B2B,8,1926,1330.66,15408,10645.28,4762.719999999999,30.91069574247144
2026-01-11,Monitor,Accesorios,Cusco,E-Commerce,2,1793,1228.46,3586,2456.92,1129.08,31.485778025655325
2026-01-12,Escritorio,Accesorios,Cusco,Tienda Fisica,4,233,161.21,932,644.84,287.15999999999997,30.811158798283255
2026-01-13,Monitor,Mobiliario,Cusco,App Movil,7,1047,771.38,7329,5399.66,1929.3400000000001,26.324737344794652
2026-01-14,Monitor,Accesorios,Lima,App Movil,3,172,118.84,516,356.52,159.48000000000002,30.90697674418605
2026-01-15,Audifonos,Accesorios,Cusco,App Movil,5,498,340.75,2490,1703.75,786.25,31.576305220883533
2026-01-16,Mouse,Mobiliario,Trujillo,E-Commerce,8,1528,1057.81,12224,8462.48,3761.5200000000004,30.771596858638745
2026-01-17,Teclado,Accesorios,Trujillo,Tienda Fisica,3,2725,1981.78,8175,5945.34,2229.66,27.27412844036697
2026-01-18,Audifonos,Mobiliario,Lima,B2B,4,229,162.84,916,651.36,264.64,28.890829694323145
2026-01-19,Audifonos,Accesorios,Cusco,B2B,9,1911,1540.73,17199,13866.57,3332.4300000000003,19.375719518576663
2026-01-20,Monitor,Mobiliario,Cusco,App Movil,7,2101,1186.75,14707,8307.25,6399.75,43.5149928605426
2026-01-21,Silla,Mobiliario,Cusco,E-Commerce,1,365,292.0,365,292.0,73.0,20.0
2026-01-22,Mouse,Accesorios,Piura,E-Commerce,4,1660,1333.27,6640,5333.08,1306.92,19.68253012048193
2026-01-23,Celular,Accesorios,Arequipa,E-Commerce,4,2085,1324.96,8340,5299.84,3040.16,36.45275779376498
2026-01-24,Audifonos,Accesorios,Piura,B2B,9,892,614.46,8028,5530.14,2497.8599999999997,31.11434977578475
2026-01-25,Teclado,Tecnologia,Arequipa,App Movil,6,2400,1635.75,14400,9814.5,4585.5,31.84375
2026-01-26,Silla,Tecnologia,Cusco,Tienda Fisica,9,2969,1827.58,26721,16448.22,10272.779999999999,38.44459413944089
2026-01-27,Silla,Tecnologia,Cusco,B2B,6,1412,944.68,8472,5668.08,2803.92,33.096317280453256
2026-01-28,Celular,Mobiliario,Piura,App Movil,6,263,148.15,1578,888.9000000000001,689.0999999999999,43.669201520912544
2026-01-29,Audifonos,Accesorios,Piura,App Movil,5,194,122.87,970,614.35,355.65,36.66494845360824
2026-01-30,Teclado,Mobiliario,Arequipa,Tienda Fisica,5,1905,1514.48,9525,7572.4,1952.6000000000004,20.4997375328084
2026-01-31,Mouse,Tecnologia,Trujillo,Tienda Fisica,2,2980,1893.4,5960,3786.8,2173.2,36.46308724832215
2026-02-01,Laptop,Accesorios,Arequipa,Tienda Fisica,8,1233,980.8,9864,7846.4,2017.6000000000004,20.45417680454177
2026-02-02,Teclado,Mobiliario,Piura,E-Commerce,8,2483,1761.64,19864,14093.12,5770.879999999999,29.05195328231977
2026-02-03,Celular,Accesorios,Piura,Tienda Fisica,1,921,749.66,921,749.66,171.34000000000003,18.603691639522264
2026-02-04,Silla,Mobiliario,Lima,App Movil,8,337,243.46,2696,1947.68,748.3199999999999,27.756676557863496
2026-02-05,Mouse,Accesorios,Piura,Tienda Fisica,5,2528,1412.9,12640,7064.5,5575.5,44.10996835443038
2026-02-06,Teclado,Tecnologia,Lima,App Movil,2,2630,1979.41,5260,3958.82,1301.1799999999998,24.737262357414448
2026-02-07,Laptop,Tecnologia,Trujillo,B2B,2,2060,1160.72,4120,2321.44,1798.56,43.654368932038835
2026-02-08,Laptop,Accesorios,Arequipa,E-Commerce,6,1148,786.59,6888,4719.54,2168.46,31.48170731707317
2026-02-09,Monitor,Mobiliario,Arequipa,B2B,9,1776,1472.0,15984,13248.0,2736.0,17.117117117117118
2026-02-10,Monitor,Tecnologia,Lima,B2B,1,2629,1576.25,2629,1576.25,1052.75,40.04374286801065
2026-02-11,Escritorio,Tecnologia,Arequipa,App Movil,6,1063,708.98,6378,4253.88,2124.12,33.3038570084666
2026-02-12,Celular,Tecnologia,Piura,B2B,9,636,489.06,5724,4401.54,1322.46,23.10377358490566
2026-02-13,Audifonos,Accesorios,Cusco,App Movil,8,1703,1387.4,13624,11099.2,2524.7999999999993,18.532002348796237
2026-02-14,Teclado,Accesorios,Lima,Tienda Fisica,6,2079,1561.92,12474,9371.52,3102.4799999999996,24.871572871572866
2026-02-15,Teclado,Mobiliario,Arequipa,Tienda Fisica,3,227,142.43,681,427.29,253.70999999999998,37.25550660792951
2026-02-16,Audifonos,Mobiliario,Lima,App Movil,8,191,143.71,1528,1149.68,378.31999999999994,24.759162303664915
2026-02-17,Escritorio,Mobiliario,Lima,Tienda Fisica,9,642,410.25,5778,3692.25,2085.75,36.098130841121495
2026-02-18,Silla,Accesorios,Cusco,E-Commerce,1,945,723.42,945,723.42,221.58000000000004,23.447619047619053
2026-02-19,Silla,Accesorios,Piura,B2B,9,1781,1489.29,16029,13403.61,2625.3899999999994,16.37900056148231
2026-02-20,Escritorio,Mobiliario,Lima,E-Commerce,6,1951,1495.28,11706,8971.68,2734.3199999999997,23.3582778062532
2026-02-21,Silla,Mobiliario,Arequipa,B2B,6,2594,2098.19,15564,12589.14,2974.8600000000006,19.113723978411723
2026-02-22,Monitor,Accesorios,Trujillo,Tienda Fisica,4,489,269.26,1956,1077.04,878.96,44.93660531697341
2026-02-23,Teclado,Mobiliario,Lima,E-Commerce,1,2819,2157.3,2819,2157.3,661.6999999999998,23.47286271727562
2026-02-24,Escritorio,Tecnologia,Lima,Tienda Fisica,8,1984,1584.97,15872,12679.76,3192.24,20.112399193548384
2026-02-25,Teclado,Accesorios,Cusco,B2B,2,142,79.83,284,159.66,124.34,43.78169014084507
2026-02-26,Audifonos,Mobiliario,Piura,App Movil,1,353,286.45,353,286.45,66.55000000000001,18.852691218130317
2026-02-27,Laptop,Accesorios,Trujillo,App Movil,2,1183,741.75,2366,1483.5,882.5,37.299239222316146
2026-02-28,Monitor,Tecnologia,Arequipa,E-Commerce,1,2810,2106.34,2810,2106.34,703.6599999999999,25.041281138790026
2026-03-01,Mouse,Accesorios,Trujillo,Tienda Fisica,1,2614,2065.34,2614,2065.34,548.6599999999999,20.989288446824784
2026-03-02,Monitor,Accesorios,Arequipa,Tienda Fisica,9,2434,1822.58,21906,16403.22,5502.779999999999,25.11996713229252
2026-03-03,Escritorio,Accesorios,Piura,E-Commerce,1,1640,947.4,1640,947.4,692.6,42.231707317073166
2026-03-04,Mouse,Accesorios,Arequipa,App Movil,4,2053,1496.42,8212,5985.68,2226.3199999999997,27.11056989771066
2026-03-05,Laptop,Tecnologia,Cusco,B2B,6,2925,2091.01,17550,12546.060000000001,5003.939999999999,28.512478632478626
2026-03-06,Escritorio,Accesorios,Cusco,E-Commerce,7,2492,2043.68,17444,14305.76,3138.24,17.990369181380416
2026-03-07,Celular,Accesorios,Cusco,B2B,2,741,497.41,1482,994.82,487.17999999999995,32.87314439946019
2026-03-08,Teclado,Mobiliario,Cusco,App Movil,6,2529,1634.55,15174,9807.3,5366.700000000001,35.36773428232504
2026-03-09,Laptop,Accesorios,Trujillo,Tienda Fisica,7,789,611.44,5523,4280.08,1242.92,22.504435994930294
2026-03-10,Teclado,Mobiliario,Piura,App Movil,2,1376,927.15,2752,1854.3,897.7,32.619912790697676
2026-03-11,Silla,Tecnologia,Arequipa,E-Commerce,2,2050,1524.85,4100,3049.7,1050.3000000000002,25.617073170731715
2026-03-12,Celular,Tecnologia,Arequipa,Tienda Fisica,7,1179,877.1,8253,6139.7,2113.3,25.60644614079729
2026-03-13,Celular,Tecnologia,Cusco,E-Commerce,1,1586,1294.83,1586,1294.83,291.1700000000001,18.358764186633046
2026-03-14,Laptop,Tecnologia,Cusco,E-Commerce,8,556,405.66,4448,3245.28,1202.7199999999998,27.03956834532374
2026-03-15,Celular,Mobiliario,Lima,App Movil,3,1082,758.1,3246,2274.3,971.6999999999998,29.93530499075785
2026-03-16,Mouse,Accesorios,Piura,E-Commerce,6,2230,1319.4,13380,7916.400000000001,5463.599999999999,40.83408071748879
2026-03-17,Celular,Tecnologia,Trujillo,App Movil,9,1222,714.53,10998,6430.7699999999995,4567.2300000000005,41.5278232405892
2026-03-18,Teclado,Accesorios,Arequipa,Tienda Fisica,6,248,147.88,1488,887.28,600.72,40.37096774193549
2026-03-19,Teclado,Mobiliario,Lima,App Movil,9,1452,873.46,13068,7861.14,5206.86,39.844352617079885
2026-03-20,Escritorio,Mobiliario,Lima,Tienda Fisica,7,1279,948.2,8953,6637.400000000001,2315.5999999999995,25.863956215793582
2026-03-21,Teclado,Mobiliario,Arequipa,App Movil,9,289,223.19,2601,2008.71,592.29,22.771626297577853
2026-03-22,Escritorio,Tecnologia,Trujillo,B2B,2,982,696.24,1964,1392.48,571.52,29.09979633401222
2026-03-23,Teclado,Accesorios,Lima,B2B,8,2410,1924.88,19280,15399.04,3880.959999999999,20.12946058091286
2026-03-24,Mouse,Accesorios,Lima,E-Commerce,8,499,422.84,3992,3382.72,609.2800000000002,15.262525050100207
2026-03-25,Audifonos,Accesorios,Piura,App Movil,2,2911,2317.17,5822,4634.34,1187.6599999999999,20.399519065613188
2026-03-26,Escritorio,Mobiliario,Trujillo,App Movil,4,708,536.99,2832,2147.96,684.04,24.153954802259886
2026-03-27,Monitor,Tecnologia,Lima,Tienda Fisica,7,1895,1344.97,13265,9414.79,3850.209999999999,29.025329815303426
2026-03-28,Silla,Mobiliario,Trujillo,E-Commerce,4,1738,1189.93,6952,4759.72,2192.2799999999997,31.53452243958573
2026-03-29,Laptop,Mobiliario,Arequipa,App Movil,4,1675,963.66,6700,3854.64,2845.36,42.468059701492535
2026-03-30,Teclado,Accesorios,Cusco,E-Commerce,6,2932,1963.88,17592,11783.28,5808.719999999999,33.01909959072305
2026-03-31,Celular,Mobiliario,Lima,B2B,6,2248,1850.19,13488,11101.14,2386.8600000000006,17.696174377224203
2026-04-01,Audifonos,Accesorios,Piura,App Movil,3,1482,1174.35,4446,3523.0499999999997,922.9500000000003,20.759109311740897
2026-04-02,Teclado,Tecnologia,Arequipa,App Movil,9,1503,924.07,13527,8316.630000000001,5210.369999999999,38.51829673985362
2026-04-03,Celular,Accesorios,Trujillo,E-Commerce,2,919,634.09,1838,1268.18,569.8199999999999,31.002176278563653
2026-04-04,Silla,Tecnologia,Arequipa,App Movil,6,919,730.62,5514,4383.72,1130.2799999999997,20.498367791077253
2026-04-05,Silla,Accesorios,Lima,E-Commerce,7,519,295.94,3633,2071.58,1561.42,42.97880539499037
2026-04-06,Silla,Mobiliario,Trujillo,App Movil,9,223,148.57,2007,1337.1299999999999,669.8700000000001,33.37668161434978
2026-04-07,Celular,Mobiliario,Cusco,Tienda Fisica,3,521,419.69,1563,1259.07,303.93000000000006,19.445297504798468
2026-04-08,Teclado,Tecnologia,Arequipa,E-Commerce,3,1608,1079.24,4824,3237.7200000000003,1586.2799999999997,32.883084577114424
2026-04-09,Silla,Tecnologia,Lima,App Movil,7,1697,972.86,11879,6810.02,5068.98,42.671773718326456
2026-04-10,Mouse,Tecnologia,Piura,B2B,4,867,617.96,3468,2471.84,996.1599999999999,28.72433679354094
2026-04-11,Escritorio,Accesorios,Trujillo,App Movil,8,2144,1733.47,17152,13867.76,3284.24,19.14785447761194
2026-04-12,Celular,Accesorios,Arequipa,B2B,7,2630,1912.24,18410,13385.68,5024.32,27.291254752851707
2026-04-13,Celular,Tecnologia,Arequipa,B2B,5,2666,1647.28,13330,8236.4,5093.6,38.21155288822206
2026-04-14,Teclado,Mobiliario,Cusco,Tienda Fisica,7,2302,1531.46,16114,10720.220000000001,5393.779999999999,33.47263249348392
2026-04-15,Celular,Accesorios,Cusco,E-Commerce,3,2239,1533.8,6717,4601.4,2115.6000000000004,31.49620366234927
2026-04-16,Celular,Accesorios,Piura,App Movil,2,1649,1193.51,3298,2387.02,910.98,27.622195269860523
2026-04-17,Silla,Accesorios,Piura,Tienda Fisica,6,2602,2023.85,15612,12143.099999999999,3468.9000000000015,22.219446579554198
2026-04-18,Teclado,Tecnologia,Lima,App Movil,2,1864,1080.49,3728,2160.98,1567.02,42.0337982832618
2026-04-19,Silla,Tecnologia,Lima,B2B,3,2144,1751.42,6432,5254.26,1177.7399999999998,18.310634328358205
2026-04-20,Escritorio,Tecnologia,Piura,E-Commerce,6,2745,1519.89,16470,9119.34,7350.66,44.63060109289617
2026-04-21,Audifonos,Tecnologia,Piura,App Movil,5,609,402.56,3045,2012.8,1032.2,33.89819376026273
2026-04-22,Escritorio,Tecnologia,Trujillo,App Movil,8,1306,729.04,10448,5832.32,4615.68,44.177641653905056
2026-04-23,Audifonos,Mobiliario,Cusco,B2B,9,485,323.93,4365,2915.37,1449.63,33.21030927835052
2026-04-24,Silla,Mobiliario,Lima,App Movil,3,1697,1201.04,5091,3603.12,1487.88,29.225692398350034
2026-04-25,Escritorio,Tecnologia,Cusco,App Movil,3,2552,1795.34,7656,5386.0199999999995,2269.9800000000005,29.649686520376186
2026-04-26,Teclado,Accesorios,Cusco,B2B,3,2393,1435.05,7179,4305.15,2873.8500000000004,40.03134141245299
2026-04-27,Laptop,Tecnologia,Piura,Tienda Fisica,6,841,625.47,5046,3752.82,1293.1799999999998,25.62782401902497
2026-04-28,Silla,Mobiliario,Trujillo,B2B,1,2808,1582.12,2808,1582.12,1225.88,43.656695156695164
2026-04-29,Audifonos,Mobiliario,Arequipa,Tienda Fisica,7,2797,2177.67,19579,15243.69,4335.3099999999995,22.142652842331067
2026-04-30,Mouse,Accesorios,Trujillo,E-Commerce,1,2011,1677.16,2011,1677.16,333.8399999999999,16.60069617105917
2026-05-01,Audifonos,Mobiliario,Trujillo,Tienda Fisica,5,1546,1007.88,7730,5039.4,2690.6000000000004,34.807244501940495
2026-05-02,Mouse,Tecnologia,Cusco,Tienda Fisica,8,1000,705.17,8000,5641.36,2358.6400000000003,29.483000000000004
2026-05-03,Celular,Accesorios,Trujillo,E-Commerce,4,2212,1468.04,8848,5872.16,2975.84,33.63291139240506
2026-05-04,Escritorio,Tecnologia,Lima,Tienda Fisica,5,2360,1302.75,11800,6513.75,5286.25,44.79872881355932
2026-05-05,Mouse,Tecnologia,Cusco,B2B,4,2109,1404.09,8436,5616.36,2819.6400000000003,33.423897581792325
2026-05-06,Audifonos,Accesorios,Lima,Tienda Fisica,4,341,268.54,1364,1074.16,289.8399999999999,21.24926686217008
2026-05-07,Celular,Tecnologia,Arequipa,E-Commerce,8,2640,1924.02,21120,15392.16,5727.84,27.120454545454546
2026-05-08,Laptop,Mobiliario,Cusco,B2B,2,2485,1442.24,4970,2884.48,2085.52,41.96217303822938
2026-05-09,Teclado,Tecnologia,Arequipa,E-Commerce,1,2120,1704.78,2120,1704.78,415.22,19.585849056603774
2026-05-10,Teclado,Accesorios,Cusco,E-Commerce,3,272,192.94,816,578.8199999999999,237.18000000000006,29.066176470588246
2026-05-11,Teclado,Accesorios,Piura,App Movil,9,771,618.74,6939,5568.66,1370.3400000000001,19.748378728923477
2026-05-12,Mouse,Accesorios,Trujillo,App Movil,4,263,190.43,1052,761.72,290.28,27.59315589353612
2026-05-13,Laptop,Tecnologia,Piura,E-Commerce,5,564,404.9,2820,2024.5,795.5,28.209219858156025
2026-05-14,Mouse,Accesorios,Arequipa,E-Commerce,2,596,346.62,1192,693.24,498.76,41.84228187919463
2026-05-15,Escritorio,Accesorios,Trujillo,E-Commerce,4,799,479.57,3196,1918.28,1277.72,39.97872340425532
2026-05-16,Mouse,Tecnologia,Cusco,App Movil,2,2542,2139.37,5084,4278.74,805.2600000000002,15.839103068450044
2026-05-17,Laptop,Mobiliario,Trujillo,App Movil,2,802,496.07,1604,992.14,611.86,38.14588528678304
2026-05-18,Laptop,Tecnologia,Lima,Tienda Fisica,4,2040,1720.2,8160,6880.8,1279.1999999999998,15.676470588235292
2026-05-19,Escritorio,Accesorios,Trujillo,Tienda Fisica,6,2455,1742.0,14730,10452.0,4278.0,29.042769857433807
2026-05-20,Laptop,Accesorios,Lima,E-Commerce,7,1891,1117.08,13237,7819.5599999999995,5417.4400000000005,40.92649391856161
2026-05-21,Audifonos,Tecnologia,Trujillo,B2B,3,282,163.5,846,490.5,355.5,42.02127659574468
2026-05-22,Laptop,Mobiliario,Lima,B2B,3,728,446.02,2184,1338.06,845.94,38.73351648351648
2026-05-23,Teclado,Accesorios,Arequipa,App Movil,6,2657,2199.18,15942,13195.079999999998,2746.920000000002,17.230711328566066
2026-05-24,Audifonos,Accesorios,Piura,App Movil,3,1831,1234.54,5493,3703.62,1789.38,32.57564172583288
2026-05-25,Audifonos,Accesorios,Cusco,App Movil,2,645,431.27,1290,862.54,427.46000000000004,33.13643410852713
2026-05-26,Escritorio,Tecnologia,Trujillo,E-Commerce,8,1687,1086.36,13496,8690.88,4805.120000000001,35.60403082394784
2026-05-27,Monitor,Accesorios,Piura,B2B,5,723,429.55,3615,2147.75,1467.25,40.58782849239281
2026-05-28,Monitor,Mobiliario,Cusco,Tienda Fisica,1,693,482.57,693,482.57,210.43,30.365079365079367
2026-05-29,Laptop,Accesorios,Cusco,E-Commerce,3,843,496.54,2529,1489.6200000000001,1039.3799999999999,41.09845788849347
2026-05-30,Audifonos,Accesorios,Lima,Tienda Fisica,8,1868,1495.6,14944,11964.8,2979.2000000000007,19.935760171306217
2026-05-31,Monitor,Mobiliario,Arequipa,Tienda Fisica,4,1559,1030.68,6236,4122.72,2113.2799999999997,33.888389993585626
2026-06-01,Monitor,Accesorios,Arequipa,E-Commerce,7,2048,1356.68,14336,9496.76,4839.24,33.755859375
2026-06-02,Laptop,Tecnologia,Piura,Tienda Fisica,2,2701,1869.64,5402,3739.28,1662.7199999999998,30.77971121806738
2026-06-03,Monitor,Tecnologia,Arequipa,B2B,7,2168,1481.26,15176,10368.82,4807.18,31.676199261992622
2026-06-04,Mouse,Tecnologia,Trujillo,Tienda Fisica,5,2701,2291.68,13505,11458.4,2046.6000000000004,15.154387263976307
2026-06-05,Celular,Mobiliario,Arequipa,B2B,5,2544,1815.43,12720,9077.15,3642.8500000000004,28.638757861635224
2026-06-06,Escritorio,Accesorios,Piura,B2B,6,2772,1597.95,16632,9587.7,7044.299999999999,42.3538961038961
2026-06-07,Celular,Tecnologia,Arequipa,B2B,9,204,149.34,1836,1344.06,491.94000000000005,26.794117647058822
2026-06-08,Laptop,Mobiliario,Trujillo,App Movil,6,2339,1392.82,14034,8356.92,5677.08,40.4523300555793
2026-06-09,Teclado,Accesorios,Lima,Tienda Fisica,8,116,64.88,928,519.04,408.96000000000004,44.06896551724138
2026-06-10,Escritorio,Mobiliario,Piura,E-Commerce,7,492,413.88,3444,2897.16,546.8400000000001,15.878048780487807
2026-06-11,Laptop,Tecnologia,Lima,E-Commerce,9,524,409.8,4716,3688.2000000000003,1027.7999999999997,21.793893129770986
2026-06-12,Audifonos,Tecnologia,Lima,Tienda Fisica,4,2276,1921.02,9104,7684.08,1419.92,15.596660808435853
2026-06-13,Teclado,Tecnologia,Lima,App Movil,2,671,465.25,1342,930.5,411.5,30.66318926974665
2026-06-14,Celular,Mobiliario,Cusco,App Movil,7,2176,1544.26,15232,10809.82,4422.18,29.03216911764706
2026-06-15,Laptop,Mobiliario,Cusco,B2B,6,1220,732.61,7320,4395.66,2924.34,39.95
2026-06-16,Audifonos,Tecnologia,Lima,Tienda Fisica,1,341,212.81,341,212.81,128.19,37.592375366568916
2026-06-17,Escritorio,Mobiliario,Piura,Tienda Fisica,9,2379,1906.92,21411,17162.28,4248.720000000001,19.84363177805801
2026-06-18,Escritorio,Tecnologia,Trujillo,E-Commerce,9,888,583.29,7992,5249.61,2742.3900000000003,34.31418918918919
2026-06-19,Silla,Tecnologia,Trujillo,Tienda Fisica,2,814,649.61,1628,1299.22,328.78,20.195331695331696
2026-06-20,Audifonos,Accesorios,Arequipa,App Movil,3,858,654.4,2574,1963.1999999999998,610.8000000000002,23.72960372960374
2026-06-21,Mouse,Mobiliario,Piura,Tienda Fisica,5,2949,1778.69,14745,8893.45,5851.549999999999,39.68497795863004
2026-06-22,Monitor,Tecnologia,Cusco,E-Commerce,5,875,614.45,4375,3072.25,1302.75,29.777142857142856
2026-06-23,Teclado,Tecnologia,Lima,B2B,1,2873,2163.99,2873,2163.99,709.0100000000002,24.678384963452846
2026-06-24,Audifonos,Mobiliario,Arequipa,E-Commerce,8,2347,1456.34,18776,11650.72,7125.280000000001,37.94887089902003
2026-06-25,Silla,Accesorios,Trujillo,E-Commerce,8,178,142.26,1424,1138.08,285.9200000000001,20.078651685393265
2026-06-26,Monitor,Accesorios,Cusco,B2B,4,955,681.34,3820,2725.36,1094.6399999999999,28.655497382198952
2026-06-27,Monitor,Tecnologia,Cusco,E-Commerce,7,2614,1567.28,18298,10970.96,7327.040000000001,40.042846212700844
2026-06-28,Laptop,Mobiliario,Lima,E-Commerce,3,2728,1977.51,8184,5932.53,2251.4700000000003,27.51063049853373
2026-06-29,Monitor,Accesorios,Trujillo,Tienda Fisica,6,1539,1308.02,9234,7848.12,1385.88,15.008447043534764
2026-06-30,Mouse,Mobiliario,Piura,Tienda Fisica,9,2596,1545.03,23364,13905.27,9458.73,40.4842064714946
2026-07-01,Escritorio,Mobiliario,Cusco,B2B,1,2234,1776.09,2234,1776.09,457.9100000000001,20.497314234556853
2026-07-02,Silla,Tecnologia,Lima,Tienda Fisica,5,2248,1376.21,11240,6881.05,4358.95,38.780693950177934
2026-07-03,Monitor,Accesorios,Piura,Tienda Fisica,4,1131,887.51,4524,3550.04,973.96,21.52873563218391
2026-07-04,Laptop,Tecnologia,Trujillo,E-Commerce,8,944,727.23,7552,5817.84,1734.1599999999999,22.962923728813557
2026-07-05,Mouse,Accesorios,Cusco,App Movil,1,186,119.07,186,119.07,66.93,35.983870967741936
2026-07-06,Celular,Accesorios,Piura,Tienda Fisica,9,2190,1418.57,19710,12767.13,6942.870000000001,35.22511415525115
2026-07-07,Escritorio,Accesorios,Piura,App Movil,6,507,399.39,3042,2396.34,645.6599999999999,21.224852071005913
2026-07-08,Escritorio,Accesorios,Piura,Tienda Fisica,4,2811,1935.19,11244,7740.76,3503.24,31.15652792600498
2026-07-09,Silla,Accesorios,Cusco,Tienda Fisica,9,1768,1360.03,15912,12240.27,3671.7299999999996,23.075226244343888
2026-07-10,Escritorio,Mobiliario,Cusco,B2B,5,247,146.82,1235,734.0999999999999,500.9000000000001,40.5587044534413
2026-07-11,Monitor,Tecnologia,Arequipa,B2B,5,2424,1953.18,12120,9765.9,2354.1000000000004,19.423267326732677
2026-07-12,Laptop,Mobiliario,Trujillo,B2B,5,331,252.64,1655,1263.1999999999998,391.8000000000002,23.673716012084604
2026-07-13,Escritorio,Accesorios,Lima,App Movil,1,2050,1685.27,2050,1685.27,364.73,17.791707317073172
2026-07-14,Escritorio,Tecnologia,Piura,E-Commerce,1,465,274.22,465,274.22,190.77999999999997,41.02795698924731
2026-07-15,Celular,Accesorios,Arequipa,Tienda Fisica,8,1774,1291.3,14192,10330.4,3861.6000000000004,27.209695603156707
2026-07-16,Celular,Tecnologia,Lima,Tienda Fisica,8,535,390.41,4280,3123.28,1156.7199999999998,27.026168224299063
2026-07-17,Teclado,Mobiliario,Arequipa,Tienda Fisica,6,498,326.71,2988,1960.2599999999998,1027.7400000000002,34.39558232931728
2026-07-18,Mouse,Tecnologia,Cusco,App Movil,4,1334,917.18,5336,3668.72,1667.2800000000002,31.24587706146927
2026-07-19,Monitor,Tecnologia,Piura,B2B,2,1514,849.95,3028,1699.9,1328.1,43.86063408190225
2026-07-20,Escritorio,Tecnologia,Lima,E-Commerce,2,2646,2047.36,5292,4094.72,1197.2800000000002,22.624338624338627
2026-07-21,Audifonos,Tecnologia,Lima,App Movil,9,2687,1920.66,24183,17285.940000000002,6897.059999999998,28.520282843319677
2026-07-22,Escritorio,Tecnologia,Lima,B2B,5,662,375.57,3310,1877.85,1432.15,43.26737160120846
2026-07-23,Laptop,Accesorios,Lima,App Movil,4,2589,1952.69,10356,7810.76,2545.24,24.577443028196214
2026-07-24,Teclado,Tecnologia,Lima,E-Commerce,1,1384,955.01,1384,955.01,428.99,30.99638728323699
2026-07-25,Mouse,Tecnologia,Arequipa,B2B,7,872,488.62,6104,3420.34,2683.66,43.965596330275226
2026-07-26,Audifonos,Mobiliario,Piura,App Movil,3,2497,2099.68,7491,6299.039999999999,1191.960000000001,15.911894273127766
2026-07-27,Teclado,Tecnologia,Cusco,E-Commerce,6,2137,1783.83,12822,10702.98,2119.0200000000004,16.526438933083764
2026-07-28,Silla,Mobiliario,Cusco,Tienda Fisica,5,2667,1877.22,13335,9386.1,3948.8999999999996,29.613048368953876
2026-07-29,Mouse,Accesorios,Cusco,E-Commerce,5,1443,834.2,7215,4171.0,3044.0,42.18988218988219
2026-07-30,Escritorio,Tecnologia,Cusco,Tienda Fisica,5,2285,1774.04,11425,8870.2,2554.7999999999993,22.361487964989053
2026-07-31,Escritorio,Mobiliario,Arequipa,App Movil,1,1673,1167.05,1673,1167.05,505.95000000000005,30.24208009563658
2026-08-01,Mouse,Mobiliario,Trujillo,B2B,1,1091,699.04,1091,699.04,391.96000000000004,35.926672777268564
2026-08-02,Escritorio,Accesorios,Piura,B2B,3,2515,1754.03,7545,5262.09,2282.91,30.2572564612326
2026-08-03,Monitor,Tecnologia,Lima,App Movil,4,1346,951.26,5384,3805.04,1578.96,29.32689450222883
2026-08-04,Mouse,Tecnologia,Trujillo,B2B,5,459,329.94,2295,1649.7,645.3,28.117647058823525
2026-08-05,Teclado,Mobiliario,Cusco,B2B,2,1020,696.01,2040,1392.02,647.98,31.76372549019608
2026-08-06,Mouse,Tecnologia,Trujillo,Tienda Fisica,8,2476,1811.76,19808,14494.08,5313.92,26.82714054927302
2026-08-07,Audifonos,Mobiliario,Piura,App Movil,2,2610,2154.87,5220,4309.74,910.2600000000002,17.437931034482762
2026-08-08,Escritorio,Tecnologia,Lima,E-Commerce,9,1062,699.52,9558,6295.68,3262.3199999999997,34.13182674199623
2026-08-09,Monitor,Mobiliario,Lima,Tienda Fisica,2,1927,1479.39,3854,2958.78,895.2199999999998,23.228334198235594
2026-08-10,Monitor,Tecnologia,Piura,App Movil,9,2983,2441.1,26847,21969.899999999998,4877.100000000002,18.16627556151526
2026-08-11,Silla,Accesorios,Piura,Tienda Fisica,7,1713,1176.48,11991,8235.36,3755.6399999999994,31.32049036777583
2026-08-12,Teclado,Tecnologia,Cusco,E-Commerce,8,1740,1188.48,13920,9507.84,4412.16,31.69655172413793
2026-08-13,Celular,Tecnologia,Lima,E-Commerce,2,2316,1692.15,4632,3384.3,1247.6999999999998,26.936528497409324
2026-08-14,Celular,Accesorios,Trujillo,App Movil,7,316,229.87,2212,1609.0900000000001,602.9099999999999,27.256329113924043
2026-08-15,Mouse,Tecnologia,Arequipa,E-Commerce,6,477,377.77,2862,2266.62,595.3800000000001,20.802935010482184
2026-08-16,Silla,Accesorios,Arequipa,Tienda Fisica,4,218,151.06,872,604.24,267.76,30.706422018348622
2026-08-17,Laptop,Tecnologia,Piura,E-Commerce,7,289,245.31,2023,1717.17,305.8299999999999,15.117647058823525
2026-08-18,Mouse,Mobiliario,Cusco,Tienda Fisica,4,2914,1654.69,11656,6618.76,5037.24,43.21585449553878
2026-08-19,Silla,Mobiliario,Arequipa,Tienda Fisica,2,469,258.4,938,516.8,421.20000000000005,44.904051172707895
2026-08-20,Teclado,Tecnologia,Lima,E-Commerce,7,1901,1410.66,13307,9874.62,3432.379999999999,25.793792740662802
2026-08-21,Teclado,Tecnologia,Piura,App Movil,8,2296,1468.36,18368,11746.88,6621.120000000001,36.04703832752614
2026-08-22,Teclado,Tecnologia,Trujillo,B2B,2,751,467.21,1502,934.42,567.58,37.78828229027963
2026-08-23,Teclado,Mobiliario,Piura,E-Commerce,5,1982,1275.56,9910,6377.799999999999,3532.2000000000007,35.642785065590324
2026-08-24,Teclado,Tecnologia,Trujillo,Tienda Fisica,1,1611,1009.8,1611,1009.8,601.2,37.31843575418995
2026-08-25,Silla,Mobiliario,Piura,Tienda Fisica,7,869,485.98,6083,3401.86,2681.14,44.075949367088604
2026-08-26,Silla,Accesorios,Piura,E-Commerce,8,2521,2121.32,20168,16970.56,3197.4399999999987,15.85402618008726
2026-08-27,Monitor,Mobiliario,Piura,App Movil,6,880,542.28,5280,3253.68,2026.3200000000002,38.37727272727273
2026-08-28,Audifonos,Mobiliario,Trujillo,App Movil,5,1816,1398.7,9080,6993.5,2086.5,22.979074889867842
2026-08-29,Celular,Accesorios,Trujillo,Tienda Fisica,6,2307,1796.64,13842,10779.84,3062.16,22.1222366710013
2026-08-30,Escritorio,Mobiliario,Piura,Tienda Fisica,2,2498,2070.29,4996,4140.58,855.4200000000001,17.122097678142513
2026-08-31,Teclado,Tecnologia,Arequipa,App Movil,1,1411,788.98,1411,788.98,622.02,44.08362863217576
2026-09-01,Laptop,Tecnologia,Cusco,B2B,7,1349,1094.87,9443,7664.089999999999,1778.9100000000008,18.83839881393626
2026-09-02,Escritorio,Mobiliario,Cusco,E-Commerce,7,622,440.48,4354,3083.36,1270.6399999999999,29.183279742765272
2026-09-03,Silla,Tecnologia,Cusco,Tienda Fisica,2,621,459.39,1242,918.78,323.22,26.024154589371985
2026-09-04,Laptop,Mobiliario,Trujillo,Tienda Fisica,2,882,655.63,1764,1311.26,452.74,25.665532879818592
2026-09-05,Laptop,Tecnologia,Trujillo,App Movil,1,2420,1926.17,2420,1926.17,493.8299999999999,20.406198347107434
2026-09-06,Laptop,Tecnologia,Arequipa,E-Commerce,8,1035,672.77,8280,5382.16,2897.84,34.998067632850244
2026-09-07,Monitor,Mobiliario,Cusco,App Movil,8,2330,1793.9,18640,14351.2,4288.799999999999,23.00858369098712
2026-09-08,Silla,Tecnologia,Cusco,E-Commerce,1,1788,1266.93,1788,1266.93,521.0699999999999,29.142617449664428
2026-09-09,Laptop,Mobiliario,Piura,E-Commerce,8,587,462.57,4696,3700.56,995.44,21.197614991482112
2026-09-10,Teclado,Tecnologia,Trujillo,E-Commerce,9,1950,1651.97,17550,14867.73,2682.2700000000004,15.283589743589745
2026-09-11,Mouse,Tecnologia,Cusco,Tienda Fisica,4,945,576.63,3780,2306.52,1473.48,38.98095238095238
2026-09-12,Laptop,Accesorios,Arequipa,B2B,1,2271,1926.7,2271,1926.7,344.29999999999995,15.160722148833111
2026-09-13,Monitor,Accesorios,Arequipa,App Movil,1,2937,1694.48,2937,1694.48,1242.52,42.30575417092271
2026-09-14,Escritorio,Mobiliario,Cusco,B2B,3,2561,1410.33,7683,4230.99,3452.01,44.930495900039055
2026-09-15,Silla,Accesorios,Trujillo,App Movil,5,2103,1184.51,10515,5922.55,4592.45,43.675225867807896
2026-09-16,Audifonos,Mobiliario,Arequipa,E-Commerce,5,1848,1205.88,9240,6029.400000000001,3210.5999999999995,34.746753246753244
2026-09-17,Monitor,Accesorios,Piura,Tienda Fisica,9,785,580.8,7065,5227.2,1837.8000000000002,26.012738853503187
2026-09-18,Laptop,Tecnologia,Arequipa,B2B,2,2260,1289.8,4520,2579.6,1940.4,42.929203539823014
2026-09-19,Silla,Mobiliario,Lima,Tienda Fisica,2,2269,1251.81,4538,2503.62,2034.38,44.829881004847955
2026-09-20,Mouse,Mobiliario,Lima,App Movil,6,1667,1385.49,10002,8312.94,1689.0599999999995,16.887222555488897
2026-09-21,Laptop,Tecnologia,Trujillo,Tienda Fisica,9,1345,1071.4,12105,9642.6,2462.3999999999996,20.342007434944236
2026-09-22,Monitor,Mobiliario,Cusco,Tienda Fisica,1,138,109.4,138,109.4,28.599999999999994,20.724637681159415
2026-09-23,Celular,Mobiliario,Trujillo,B2B,9,2644,2155.73,23796,19401.57,4394.43,18.46709531013616
2026-09-24,Teclado,Accesorios,Trujillo,E-Commerce,9,879,668.05,7911,6012.45,1898.5500000000002,23.998862343572245
2026-09-25,Audifonos,Mobiliario,Trujillo,Tienda Fisica,9,1356,788.27,12204,7094.43,5109.57,41.86799410029498
2026-09-26,Escritorio,Tecnologia,Trujillo,E-Commerce,5,2296,1537.7,11480,7688.5,3791.5,33.02700348432055
2026-09-27,Monitor,Accesorios,Piura,App Movil,9,2808,2153.58,25272,19382.22,5889.779999999999,23.30555555555555
2026-09-28,Silla,Accesorios,Piura,Tienda Fisica,4,2027,1285.32,8108,5141.28,2966.7200000000003,36.590034533793784
2026-09-29,Audifonos,Tecnologia,Arequipa,B2B,2,401,303.24,802,606.48,195.51999999999998,24.379052369077304
2026-09-30,Audifonos,Tecnologia,Lima,App Movil,6,2385,1329.28,14310,7975.68,6334.32,44.2649895178197
2026-10-01,Audifonos,Accesorios,Trujillo,App Movil,4,746,478.81,2984,1915.24,1068.76,35.816353887399465
2026-10-02,Laptop,Mobiliario,Arequipa,B2B,6,762,544.63,4572,3267.7799999999997,1304.2200000000003,28.52624671916011
2026-10-03,Teclado,Accesorios,Lima,Tienda Fisica,3,2383,1762.53,7149,5287.59,1861.4099999999999,26.03734788082249
2026-10-04,Laptop,Tecnologia,Cusco,Tienda Fisica,6,1859,1344.27,11154,8065.62,3088.38,27.688542227003765
2026-10-05,Silla,Accesorios,Piura,App Movil,2,2350,1784.42,4700,3568.84,1131.1599999999999,24.06723404255319
2026-10-06,Laptop,Tecnologia,Lima,Tienda Fisica,2,355,195.9,710,391.8,318.2,44.816901408450704
2026-10-07,Celular,Accesorios,Cusco,E-Commerce,9,697,404.46,6273,3640.14,2632.86,41.9713055954089
2026-10-08,Teclado,Mobiliario,Lima,B2B,7,761,616.93,5327,4318.509999999999,1008.4900000000007,18.931668856767423
2026-10-09,Teclado,Accesorios,Piura,E-Commerce,3,334,252.01,1002,756.03,245.97000000000003,24.54790419161677
2026-10-10,Silla,Accesorios,Piura,Tienda Fisica,1,1468,857.14,1468,857.14,610.86,41.61171662125341
2026-10-11,Escritorio,Tecnologia,Arequipa,App Movil,8,2681,2151.83,21448,17214.64,4233.360000000001,19.73778440880269
2026-10-12,Celular,Tecnologia,Trujillo,B2B,6,869,541.1,5214,3246.6000000000004,1967.3999999999996,37.73302646720367
2026-10-13,Monitor,Tecnologia,Lima,Tienda Fisica,7,2688,1864.07,18816,13048.49,5767.51,30.652157738095237
2026-10-14,Laptop,Accesorios,Lima,Tienda Fisica,9,312,185.19,2808,1666.71,1141.29,40.64423076923077
2026-10-15,Mouse,Mobiliario,Cusco,App Movil,5,562,428.82,2810,2144.1,665.9000000000001,23.697508896797157
2026-10-16,Laptop,Tecnologia,Piura,App Movil,1,2583,1937.4,2583,1937.4,645.5999999999999,24.994192799070845
2026-10-17,Audifonos,Tecnologia,Lima,E-Commerce,7,382,234.29,2674,1640.03,1033.97,38.66753926701571
2026-10-18,Laptop,Accesorios,Piura,B2B,5,1586,1283.11,7930,6415.549999999999,1514.4500000000007,19.097730138713754
2026-10-19,Monitor,Tecnologia,Lima,B2B,3,1530,1025.7,4590,3077.1000000000004,1512.8999999999996,32.96078431372548
2026-10-20,Laptop,Mobiliario,Arequipa,App Movil,9,187,119.26,1683,1073.3400000000001,609.6599999999999,36.22459893048127
2026-10-21,Celular,Mobiliario,Trujillo,E-Commerce,1,1167,695.18,1167,695.18,471.82000000000005,40.43016281062554
2026-10-22,Celular,Tecnologia,Lima,B2B,1,560,352.72,560,352.72,207.27999999999997,37.01428571428571
2026-10-23,Teclado,Tecnologia,Piura,App Movil,1,2425,1349.77,2425,1349.77,1075.23,44.33938144329897
2026-10-24,Silla,Accesorios,Arequipa,Tienda Fisica,3,2568,1861.74,7704,5585.22,2118.7799999999997,27.502336448598125
2026-10-25,Escritorio,Mobiliario,Lima,B2B,6,1824,1464.07,10944,8784.42,2159.58,19.73300438596491
2026-10-26,Mouse,Mobiliario,Cusco,E-Commerce,3,1476,1054.89,4428,3164.67,1263.33,28.530487804878046
2026-10-27,Audifonos,Tecnologia,Trujillo,E-Commerce,8,2843,1750.67,22744,14005.36,8738.64,38.42173760112557
2026-10-28,Laptop,Accesorios,Lima,E-Commerce,2,614,343.9,1228,687.8,540.2,43.99022801302932
2026-10-29,Laptop,Mobiliario,Arequipa,Tienda Fisica,9,802,492.74,7218,4434.66,2783.34,38.561097256857856
2026-10-30,Monitor,Mobiliario,Cusco,B2B,3,1753,1182.99,5259,3548.9700000000003,1710.0299999999997,32.516257843696515
2026-10-31,Silla,Accesorios,Arequipa,B2B,5,2166,1684.9,10830,8424.5,2405.5,22.211449676823637
2026-11-01,Celular,Accesorios,Arequipa,Tienda Fisica,8,122,73.98,976,591.84,384.15999999999997,39.36065573770492
2026-11-02,Mouse,Mobiliario,Cusco,B2B,2,2560,1960.8,5120,3921.6,1198.4,23.40625
2026-11-03,Teclado,Mobiliario,Arequipa,Tienda Fisica,6,1153,934.02,6918,5604.12,1313.88,18.99219427580226
2026-11-04,Celular,Accesorios,Cusco,Tienda Fisica,5,1930,1324.34,9650,6621.7,3028.3,31.38134715025907
2026-11-05,Audifonos,Mobiliario,Lima,Tienda Fisica,9,2255,1795.95,20295,16163.550000000001,4131.449999999999,20.356984478935694
2026-11-06,Silla,Tecnologia,Cusco,E-Commerce,5,1404,1005.82,7020,5029.1,1990.8999999999996,28.360398860398856
2026-11-07,Audifonos,Tecnologia,Cusco,B2B,2,1234,914.55,2468,1829.1,638.9000000000001,25.887358184765
2026-11-08,Escritorio,Accesorios,Trujillo,Tienda Fisica,5,2283,1616.1,11415,8080.5,3334.5,29.211563731931665
2026-11-09,Teclado,Accesorios,Cusco,B2B,4,461,317.61,1844,1270.44,573.56,31.104121475054225
2026-11-10,Escritorio,Accesorios,Cusco,E-Commerce,7,2276,1412.02,15932,9884.14,6047.860000000001,37.96045694200352
2026-11-11,Monitor,Tecnologia,Lima,Tienda Fisica,6,1999,1281.28,11994,7687.68,4306.32,35.903951975987994
2026-11-12,Audifonos,Mobiliario,Trujillo,App Movil,2,1384,881.6,2768,1763.2,1004.8,36.30057803468208
2026-11-13,Monitor,Tecnologia,Piura,E-Commerce,5,614,441.46,3070,2207.2999999999997,862.7000000000003,28.100977198697073
2026-11-14,Laptop,Mobiliario,Lima,App Movil,7,548,321.12,3836,2247.84,1588.1599999999999,41.4014598540146
2026-11-15,Escritorio,Tecnologia,Lima,B2B,7,2023,1669.05,14161,11683.35,2477.6499999999996,17.496292634700936
2026-11-16,Silla,Mobiliario,Piura,B2B,5,1606,1230.51,8030,6152.55,1877.4499999999998,23.380448318804483
2026-11-17,Audifonos,Tecnologia,Cusco,E-Commerce,9,1347,903.07,12123,8127.63,3995.37,32.956941351150704
2026-11-18,Mouse,Accesorios,Arequipa,B2B,4,1955,1168.28,7820,4673.12,3146.88,40.24143222506394
2026-11-19,Teclado,Tecnologia,Trujillo,App Movil,3,973,792.6,2919,2377.8,541.1999999999998,18.54059609455292
2026-11-20,Celular,Mobiliario,Arequipa,Tienda Fisica,4,2620,2088.49,10480,8353.96,2126.040000000001,20.286641221374055
2026-11-21,Silla,Tecnologia,Piura,Tienda Fisica,5,1528,1171.24,7640,5856.2,1783.8000000000002,23.348167539267017
2026-11-22,Silla,Tecnologia,Lima,Tienda Fisica,6,2449,1546.46,14694,9278.76,5415.24,36.853409554920376
2026-11-23,Monitor,Tecnologia,Lima,E-Commerce,3,2378,1595.01,7134,4785.03,2348.9700000000003,32.92640874684609
2026-11-24,Escritorio,Accesorios,Trujillo,B2B,2,1854,1076.85,3708,2153.7,1554.3000000000002,41.917475728155345
2026-11-25,Audifonos,Tecnologia,Lima,App Movil,4,1022,620.06,4088,2480.24,1607.7600000000002,39.328767123287676
2026-11-26,Audifonos,Accesorios,Lima,B2B,5,2259,1773.1,11295,8865.5,2429.5,21.509517485613102
2026-11-27,Laptop,Accesorios,Trujillo,B2B,4,1136,868.49,4544,3473.96,1070.04,23.548415492957744
2026-11-28,Laptop,Tecnologia,Trujillo,B2B,3,1516,1103.72,4548,3311.16,1236.8400000000001,27.19525065963061
2026-11-29,Teclado,Tecnologia,Piura,Tienda Fisica,8,2647,2167.15,21176,17337.2,3838.7999999999993,18.128069512655834
2026-11-30,Monitor,Tecnologia,Lima,App Movil,4,2745,1990.07,10980,7960.28,3019.7200000000003,27.502003642987248
2026-12-01,Silla,Mobiliario,Lima,App Movil,2,2381,1643.11,4762,3286.22,1475.7800000000002,30.990760184796308
2026-12-02,Audifonos,Tecnologia,Piura,B2B,2,2749,1792.65,5498,3585.3,1912.6999999999998,34.78901418697708
2026-12-03,Mouse,Accesorios,Cusco,Tienda Fisica,1,413,343.67,413,343.67,69.32999999999998,16.78692493946731
2026-12-04,Monitor,Tecnologia,Cusco,Tienda Fisica,4,2713,1559.47,10852,6237.88,4614.12,42.51861408035385
2026-12-05,Teclado,Mobiliario,Cusco,App Movil,9,2356,1953.75,21204,17583.75,3620.25,17.073429541595925
2026-12-06,Teclado,Tecnologia,Piura,Tienda Fisica,7,2097,1673.44,14679,11714.08,2964.92,20.198378636146877
2026-12-07,Monitor,Mobiliario,Lima,Tienda Fisica,7,1137,669.67,7959,4687.69,3271.3100000000004,41.10202286719438
2026-12-08,Teclado,Mobiliario,Piura,Tienda Fisica,7,1756,1263.43,12292,8844.01,3447.99,28.0506833712984
2026-12-09,Monitor,Tecnologia,Piura,E-Commerce,8,2734,2214.44,21872,17715.52,4156.48,19.003657644476952
2026-12-10,Celular,Accesorios,Cusco,B2B,1,1878,1355.06,1878,1355.06,522.94,27.845580404685837
2026-12-11,Monitor,Mobiliario,Arequipa,App Movil,8,1114,915.89,8912,7327.12,1584.88,17.783662477558348
2026-12-12,Escritorio,Tecnologia,Lima,App Movil,4,1193,993.64,4772,3974.56,797.44,16.710813076278292
2026-12-13,Monitor,Tecnologia,Cusco,E-Commerce,4,1224,828.3,4896,3313.2,1582.8000000000002,32.32843137254902
2026-12-14,Teclado,Accesorios,Arequipa,B2B,4,797,528.57,3188,2114.28,1073.7199999999998,33.68005018820577
2026-12-15,Audifonos,Mobiliario,Arequipa,App Movil,6,2279,1893.61,13674,11361.66,2312.34,16.910487055726197
2026-12-16,Escritorio,Mobiliario,Trujillo,Tienda Fisica,7,1504,1131.82,10528,7922.74,2605.26,24.746010638297875
2026-12-17,Teclado,Tecnologia,Lima,App Movil,6,1255,733.93,7530,4403.58,3126.42,41.5195219123506
2026-12-18,Laptop,Tecnologia,Arequipa,Tienda Fisica,1,1143,643.15,1143,643.15,499.85,43.73140857392826
2026-12-19,Laptop,Accesorios,Cusco,E-Commerce,8,2029,1459.64,16232,11677.12,4554.879999999999,28.061113849186786
2026-12-20,Audifonos,Accesorios,Trujillo,Tienda Fisica,7,2683,2224.34,18781,15570.380000000001,3210.619999999999,17.095042862467384
2026-12-21,Audifonos,Mobiliario,Lima,App Movil,6,1113,894.04,6678,5364.24,1313.7600000000002,19.672955974842772
2026-12-22,Escritorio,Mobiliario,Piura,App Movil,6,326,245.4,1956,1472.4,483.5999999999999,24.723926380368095
2026-12-23,Celular,Tecnologia,Cusco,App Movil,5,1928,1140.86,9640,5704.299999999999,3935.7000000000007,40.82676348547719
2026-12-24,Audifonos,Mobiliario,Arequipa,E-Commerce,6,1592,997.02,9552,5982.12,3569.88,37.37311557788945
2026-12-25,Laptop,Accesorios,Arequipa,E-Commerce,9,921,748.45,8289,6736.05,1552.9499999999998,18.735070575461453
2026-12-26,Monitor,Accesorios,Cusco,B2B,9,2123,1284.08,19107,11556.72,7550.280000000001,39.51577955723034
2026-12-27,Teclado,Tecnologia,Arequipa,App Movil,8,970,614.53,7760,4916.24,2843.76,36.64639175257732
2026-12-28,Laptop,Accesorios,Trujillo,Tienda Fisica,9,2552,1502.82,22968,13525.38,9442.62,41.112068965517246
2026-12-29,Laptop,Accesorios,Lima,E-Commerce,8,2349,1768.4,18792,14147.2,4644.799999999999,24.716900808854827
2026-12-30,Celular,Accesorios,Trujillo,App Movil,8,2185,1820.53,17480,14564.24,2915.76,16.68054919908467
2026-12-31,Escritorio,Accesorios,Arequipa,App Movil,1,1895,1195.16,1895,1195.16,699.8399999999999,36.93087071240105
2027-01-01,Escritorio,Tecnologia,Piura,E-Commerce,5,287,198.78,1435,993.9,441.1,30.738675958188153
2027-01-02,Silla,Tecnologia,Lima,B2B,4,1180,873.56,4720,3494.24,1225.7600000000002,25.96949152542373
2027-01-03,Celular,Mobiliario,Lima,E-Commerce,2,1040,883.83,2080,1767.66,312.3399999999999,15.01634615384615
2027-01-04,Monitor,Accesorios,Cusco,E-Commerce,8,2420,1407.09,19360,11256.72,8103.280000000001,41.855785123966946
2027-01-05,Escritorio,Mobiliario,Cusco,Tienda Fisica,3,2730,1909.83,8190,5729.49,2460.51,30.042857142857144
2027-01-06,Teclado,Tecnologia,Piura,Tienda Fisica,4,2663,1772.32,10652,7089.28,3562.7200000000003,33.44648892226812
2027-01-07,Audifonos,Tecnologia,Lima,B2B,7,625,506.09,4375,3542.6299999999997,832.3700000000003,19.025600000000008
2027-01-08,Celular,Tecnologia,Piura,App Movil,9,435,301.36,3915,2712.2400000000002,1202.7599999999998,30.721839080459763
2027-01-09,Audifonos,Tecnologia,Cusco,E-Commerce,2,2845,1659.47,5690,3318.94,2371.06,41.67065026362039
2027-01-10,Laptop,Tecnologia,Cusco,B2B,3,1178,872.11,3534,2616.33,917.6700000000001,25.96689303904924
2027-01-11,Teclado,Tecnologia,Lima,Tienda Fisica,4,2647,2067.93,10588,8271.72,2316.2800000000007,21.876463921420484
2027-01-12,Teclado,Tecnologia,Trujillo,E-Commerce,1,2913,1604.67,2913,1604.67,1308.33,44.913491246138
2027-01-13,Laptop,Accesorios,Arequipa,App Movil,7,2683,2167.02,18781,15169.14,3611.8600000000006,19.231457323891167
2027-01-14,Celular,Mobiliario,Cusco,Tienda Fisica,2,261,158.12,522,316.24,205.76,39.417624521072796
2027-01-15,Laptop,Tecnologia,Cusco,Tienda Fisica,5,693,495.93,3465,2479.65,985.3499999999999,28.437229437229433
2027-01-16,Audifonos,Accesorios,Trujillo,Tienda Fisica,1,2038,1375.12,2038,1375.12,662.8800000000001,32.52600588812562
2027-01-17,Silla,Accesorios,Trujillo,B2B,3,2306,1766.16,6918,5298.4800000000005,1619.5199999999995,23.410234171725925
2027-01-18,Teclado,Mobiliario,Piura,App Movil,2,159,105.15,318,210.3,107.69999999999999,33.867924528301884
2027-01-19,Mouse,Tecnologia,Piura,E-Commerce,1,2001,1622.67,2001,1622.67,378.3299999999999,18.907046476761614
2027-01-20,Mouse,Mobiliario,Arequipa,B2B,7,2358,1813.65,16506,12695.550000000001,3810.449999999999,23.085241730279893
2027-01-21,Audifonos,Tecnologia,Arequipa,B2B,5,505,375.88,2525,1879.4,645.5999999999999,25.568316831683163
2027-01-22,Monitor,Accesorios,Lima,B2B,1,763,601.91,763,601.91,161.09000000000003,21.1127129750983
2027-01-23,Escritorio,Accesorios,Piura,Tienda Fisica,6,1232,956.29,7392,5737.74,1654.2600000000002,22.379058441558445
2027-01-24,Laptop,Accesorios,Cusco,App Movil,5,1199,672.38,5995,3361.9,2633.1,43.92160133444537
2027-01-25,Laptop,Accesorios,Piura,B2B,3,641,428.46,1923,1285.3799999999999,637.6200000000001,33.157566302652114
2027-01-26,Monitor,Mobiliario,Cusco,E-Commerce,7,1437,1191.62,10059,8341.34,1717.6599999999999,17.075852470424493
2027-01-27,Monitor,Tecnologia,Trujillo,App Movil,9,1097,644.73,9873,5802.57,4070.4300000000003,41.227894257064726
2027-01-28,Audifonos,Tecnologia,Piura,E-Commerce,9,1240,956.2,11160,8605.800000000001,2554.199999999999,22.887096774193537
2027-01-29,Audifonos,Mobiliario,Trujillo,App Movil,9,967,814.58,8703,7331.22,1371.7799999999997,15.762150982419854
2027-01-30,Monitor,Tecnologia,Arequipa,E-Commerce,2,2166,1225.22,4332,2450.44,1881.56,43.43397968605724
2027-01-31,Teclado,Accesorios,Arequipa,Tienda Fisica,3,531,400.72,1593,1202.16,390.8399999999999,24.53483992467043
2027-02-01,Audifonos,Tecnologia,Lima,B2B,7,839,579.28,5873,4054.96,1818.04,30.955899880810488
2027-02-02,Silla,Accesorios,Piura,E-Commerce,5,1473,1066.09,7365,5330.45,2034.5500000000002,27.624575695858795
2027-02-03,Audifonos,Mobiliario,Trujillo,App Movil,2,282,162.32,564,324.64,239.36,42.43971631205674
2027-02-04,Laptop,Tecnologia,Cusco,B2B,3,2260,1272.16,6780,3816.4800000000005,2963.5199999999995,43.70973451327433
2027-02-05,Audifonos,Mobiliario,Arequipa,B2B,6,1306,979.58,7836,5877.4800000000005,1958.5199999999995,24.993874425727405
2027-02-06,Teclado,Tecnologia,Arequipa,App Movil,7,2628,2094.5,18396,14661.5,3734.5,20.30060882800609
2027-02-07,Monitor,Accesorios,Cusco,E-Commerce,9,1269,995.66,11421,8960.94,2460.0599999999995,21.539795114263192
2027-02-08,Laptop,Mobiliario,Trujillo,Tienda Fisica,1,930,663.22,930,663.22,266.78,28.686021505376342
2027-02-09,Audifonos,Tecnologia,Trujillo,Tienda Fisica,7,1751,1015.51,12257,7108.57,5148.43,42.00399771559109
2027-02-10,Teclado,Accesorios,Piura,E-Commerce,8,1236,934.93,9888,7479.44,2408.5600000000004,24.358414239482205
2027-02-11,Silla,Mobiliario,Piura,B2B,3,2910,1811.67,8730,5435.01,3294.99,37.743298969072164
2027-02-12,Audifonos,Mobiliario,Lima,B2B,4,575,473.41,2300,1893.64,406.3599999999999,17.667826086956516
2027-02-13,Teclado,Tecnologia,Arequipa,B2B,6,2910,2332.31,17460,13993.86,3466.1399999999994,19.85189003436426
2027-02-14,Silla,Tecnologia,Piura,B2B,7,1426,1087.77,9982,7614.389999999999,2367.6100000000006,23.71879382889201
2027-02-15,Monitor,Tecnologia,Trujillo,E-Commerce,4,1070,893.08,4280,3572.32,707.6799999999998,16.534579439252333
2027-02-16,Audifonos,Accesorios,Cusco,B2B,8,1119,626.0,8952,5008.0,3944.0,44.05719392314567
2027-02-17,Silla,Tecnologia,Trujillo,App Movil,5,1241,956.64,6205,4783.2,1421.8000000000002,22.913779210314267
2027-02-18,Laptop,Mobiliario,Arequipa,B2B,1,1936,1256.61,1936,1256.61,679.3900000000001,35.092458677685954
2027-02-19,Monitor,Mobiliario,Trujillo,Tienda Fisica,4,260,213.67,1040,854.68,185.32000000000005,17.819230769230774
2027-02-20,Laptop,Tecnologia,Lima,B2B,3,2548,1605.25,7644,4815.75,2828.25,36.99960753532182
2027-02-21,Mouse,Tecnologia,Arequipa,E-Commerce,9,297,227.93,2673,2051.37,621.6300000000001,23.25589225589226
2027-02-22,Celular,Mobiliario,Cusco,Tienda Fisica,8,1383,1124.79,11064,8998.32,2065.6800000000003,18.670281995661608
2027-02-23,Audifonos,Accesorios,Lima,E-Commerce,1,759,426.94,759,426.94,332.06,43.749670619235836
2027-02-24,Silla,Tecnologia,Arequipa,E-Commerce,6,1875,1254.93,11250,7529.58,3720.42,33.0704
2027-02-25,Celular,Tecnologia,Cusco,Tienda Fisica,9,1170,911.07,10530,8199.630000000001,2330.369999999999,22.13076923076922
2027-02-26,Celular,Mobiliario,Lima,E-Commerce,7,2110,1448.46,14770,10139.220000000001,4630.779999999999,31.352606635071083
2027-02-27,Silla,Tecnologia,Lima,E-Commerce,4,498,313.83,1992,1255.32,736.6800000000001,36.98192771084338
2027-02-28,Monitor,Accesorios,Arequipa,B2B,1,1833,1129.02,1833,1129.02,703.98,38.40589198036007
2027-03-01,Audifonos,Mobiliario,Piura,App Movil,2,1682,991.46,3364,1982.92,1381.08,41.054696789536266
2027-03-02,Mouse,Tecnologia,Lima,E-Commerce,5,2225,1795.88,11125,8979.400000000001,2145.5999999999985,19.28629213483145
2027-03-03,Laptop,Mobiliario,Lima,E-Commerce,5,2271,1641.04,11355,8205.2,3149.7999999999993,27.73932188463231
2027-03-04,Teclado,Tecnologia,Cusco,E-Commerce,8,174,99.69,1392,797.52,594.48,42.706896551724135
2027-03-05,Laptop,Tecnologia,Trujillo,B2B,6,2284,1518.34,13704,9110.039999999999,4593.960000000001,33.52276707530649
2027-03-06,Teclado,Tecnologia,Arequipa,App Movil,8,701,462.88,5608,3703.04,1904.96,33.96861626248217
2027-03-07,Laptop,Accesorios,Arequipa,Tienda Fisica,2,936,565.83,1872,1131.66,740.3399999999999,39.54807692307692
2027-03-08,Silla,Accesorios,Piura,B2B,3,1628,1108.1,4884,3324.2999999999997,1559.7000000000003,31.934889434889442
2027-03-09,Mouse,Mobiliario,Piura,B2B,6,599,389.13,3594,2334.7799999999997,1259.2200000000003,35.03672787979967
2027-03-10,Audifonos,Tecnologia,Arequipa,App Movil,3,1696,1106.71,5088,3320.13,1767.87,34.745872641509436
2027-03-11,Teclado,Tecnologia,Piura,App Movil,6,237,182.89,1422,1097.34,324.6600000000001,22.831223628691987
2027-03-12,Audifonos,Accesorios,Cusco,B2B,6,2197,1355.5,13182,8133.0,5049.0,38.30223031406463
2027-03-13,Audifonos,Tecnologia,Arequipa,Tienda Fisica,2,1894,1406.4,3788,2812.8,975.1999999999998,25.74445617740232
2027-03-14,Audifonos,Accesorios,Piura,B2B,7,1072,773.12,7504,5411.84,2092.16,27.880597014925375
2027-03-15,Escritorio,Tecnologia,Arequipa,App Movil,2,1742,1254.99,3484,2509.98,974.02,27.95694603903559
2027-03-16,Monitor,Mobiliario,Trujillo,Tienda Fisica,6,1985,1486.57,11910,8919.42,2990.58,25.10982367758186
2027-03-17,Laptop,Tecnologia,Lima,App Movil,1,2401,1715.55,2401,1715.55,685.45,28.548521449396087
2027-03-18,Audifonos,Tecnologia,Arequipa,Tienda Fisica,3,2128,1731.72,6384,5195.16,1188.8400000000001,18.62218045112782
2027-03-19,Laptop,Accesorios,Lima,E-Commerce,2,2857,2150.39,5714,4300.78,1413.2200000000003,24.732586629331472
2027-03-20,Audifonos,Tecnologia,Piura,App Movil,7,2000,1428.18,14000,9997.26,4002.74,28.591
2027-03-21,Teclado,Tecnologia,Lima,App Movil,4,2710,2165.1,10840,8660.4,2179.6000000000004,20.107011070110705
2027-03-22,Monitor,Accesorios,Arequipa,B2B,8,2904,2125.27,23232,17002.16,6229.84,26.81577134986226
2027-03-23,Monitor,Mobiliario,Trujillo,App Movil,6,1549,987.24,9294,5923.4400000000005,3370.5599999999995,36.265978050355066
2027-03-24,Silla,Mobiliario,Piura,App Movil,4,646,395.43,2584,1581.72,1002.28,38.78792569659443
2027-03-25,Escritorio,Accesorios,Arequipa,E-Commerce,5,1021,608.21,5105,3041.05,2063.95,40.42997061704211
2027-03-26,Silla,Accesorios,Piura,App Movil,9,680,557.49,6120,5017.41,1102.5900000000001,18.01617647058824
2027-03-27,Silla,Accesorios,Cusco,E-Commerce,7,1472,1123.2,10304,7862.400000000001,2441.5999999999995,23.695652173913036
2027-03-28,Silla,Accesorios,Lima,E-Commerce,9,2056,1708.98,18504,15380.82,3123.1800000000003,16.878404669260703
2027-03-29,Silla,Accesorios,Cusco,E-Commerce,7,2103,1537.27,14721,10760.89,3960.1100000000006,26.901093675701382
2027-03-30,Silla,Mobiliario,Arequipa,E-Commerce,1,2196,1519.68,2196,1519.68,676.3199999999999,30.79781420765027
2027-03-31,Mouse,Mobiliario,Trujillo,Tienda Fisica,8,803,456.04,6424,3648.32,2775.68,43.2079701120797
2027-04-01,Monitor,Accesorios,Piura,B2B,4,2408,1809.59,9632,7238.36,2393.6400000000003,24.850913621262464
2027-04-02,Silla,Tecnologia,Lima,Tienda Fisica,3,2503,1813.83,7509,5441.49,2067.51,27.53375948861367
2027-04-03,Audifonos,Accesorios,Piura,App Movil,7,1725,1461.18,12075,10228.26,1846.7399999999998,15.293913043478257
2027-04-04,Monitor,Tecnologia,Arequipa,Tienda Fisica,3,737,458.23,2211,1374.69,836.31,37.82496607869742
2027-04-05,Monitor,Accesorios,Piura,Tienda Fisica,8,2890,2049.65,23120,16397.2,6722.799999999999,29.077854671280274
2027-04-06,Celular,Accesorios,Lima,App Movil,6,1109,826.52,6654,4959.12,1694.88,25.47159603246168
2027-04-07,Mouse,Mobiliario,Arequipa,App Movil,5,740,550.1,3700,2750.5,949.5,25.66216216216216
2027-04-08,Silla,Tecnologia,Piura,App Movil,4,2939,2111.34,11756,8445.36,3310.6399999999994,28.161279346716565
2027-04-09,Laptop,Tecnologia,Trujillo,Tienda Fisica,8,2759,2160.51,22072,17284.08,4787.919999999998,21.692279811525907
2027-04-10,Teclado,Mobiliario,Arequipa,Tienda Fisica,8,1961,1199.14,15688,9593.12,6094.879999999999,38.85058643549209
2027-04-11,Escritorio,Mobiliario,Arequipa,App Movil,1,2956,2269.29,2956,2269.29,686.71,23.231055480378892
2027-04-12,Audifonos,Mobiliario,Trujillo,B2B,9,1305,960.38,11745,8643.42,3101.58,26.40766283524904
2027-04-13,Laptop,Mobiliario,Cusco,B2B,5,785,642.78,3925,3213.8999999999996,711.1000000000004,18.11719745222931
2027-04-14,Mouse,Tecnologia,Lima,E-Commerce,4,1951,1568.91,7804,6275.64,1528.3599999999997,19.584315735520242
2027-04-15,Teclado,Tecnologia,Cusco,App Movil,6,287,184.98,1722,1109.8799999999999,612.1200000000001,35.54703832752614
2027-04-16,Mouse,Accesorios,Piura,E-Commerce,6,1719,1087.91,10314,6527.460000000001,3786.539999999999,36.71262361838277
2027-04-17,Audifonos,Accesorios,Trujillo,B2B,2,1787,1509.11,3574,3018.22,555.7800000000002,15.550643536653617
2027-04-18,Monitor,Mobiliario,Cusco,E-Commerce,8,1084,767.67,8672,6141.36,2530.6400000000003,29.181734317343178
2027-04-19,Teclado,Mobiliario,Arequipa,App Movil,7,647,531.79,4529,3722.5299999999997,806.4700000000003,17.80680061823803
2027-04-20,Monitor,Mobiliario,Piura,App Movil,1,2872,1720.8,2872,1720.8,1151.2,40.083565459610035
2027-04-21,Audifonos,Accesorios,Piura,App Movil,5,1531,1137.3,7655,5686.5,1968.5,25.715218811234486
2027-04-22,Laptop,Accesorios,Cusco,Tienda Fisica,6,975,773.13,5850,4638.78,1211.2200000000003,20.704615384615387
2027-04-23,Audifonos,Accesorios,Cusco,E-Commerce,4,717,598.13,2868,2392.52,475.48,16.578800557880054
2027-04-24,Laptop,Accesorios,Trujillo,B2B,2,2561,1667.73,5122,3335.46,1786.54,34.87973447871925
2027-04-25,Teclado,Accesorios,Lima,B2B,4,1465,1124.38,5860,4497.52,1362.4799999999996,23.250511945392486
2027-04-26,Teclado,Accesorios,Cusco,B2B,1,1343,955.74,1343,955.74,387.26,28.835443037974684
2027-04-27,Silla,Accesorios,Cusco,Tienda Fisica,7,1002,569.33,7014,3985.3100000000004,3028.6899999999996,43.18063872255489
2027-04-28,Mouse,Mobiliario,Arequipa,Tienda Fisica,2,262,198.33,524,396.66,127.33999999999997,24.30152671755725
2027-04-29,Silla,Mobiliario,Piura,App Movil,2,2074,1570.08,4148,3140.16,1007.8400000000001,24.297010607521702
2027-04-30,Mouse,Mobiliario,Lima,B2B,9,369,305.97,3321,2753.7300000000005,567.2699999999995,17.081300813008117
2027-05-01,Silla,Mobiliario,Arequipa,Tienda Fisica,5,731,511.11,3655,2555.55,1099.4499999999998,30.08071135430916
2027-05-02,Monitor,Accesorios,Trujillo,App Movil,2,1005,622.17,2010,1244.34,765.6600000000001,38.09253731343284
2027-05-03,Teclado,Tecnologia,Trujillo,B2B,9,2114,1190.96,19026,10718.64,8307.36,43.6631977294229
2027-05-04,Laptop,Accesorios,Cusco,E-Commerce,9,1741,1174.64,15669,10571.76,5097.24,32.53072946582424
2027-05-05,Mouse,Tecnologia,Cusco,App Movil,1,304,194.73,304,194.73,109.27000000000001,35.944078947368425
2027-05-06,Audifonos,Mobiliario,Trujillo,Tienda Fisica,3,681,530.04,2043,1590.12,452.8800000000001,22.167400881057276
2027-05-07,Mouse,Accesorios,Cusco,Tienda Fisica,4,1679,1101.89,6716,4407.56,2308.4399999999996,34.37224538415723
2027-05-08,Laptop,Mobiliario,Lima,App Movil,7,940,784.64,6580,5492.48,1087.5200000000004,16.527659574468093
2027-05-09,Silla,Accesorios,Cusco,App Movil,4,1936,1623.71,7744,6494.84,1249.1599999999999,16.130681818181817
2027-05-10,Mouse,Mobiliario,Piura,Tienda Fisica,2,1351,994.7,2702,1989.4,712.5999999999999,26.37305699481865
2027-05-11,Escritorio,Tecnologia,Cusco,E-Commerce,7,1819,1507.22,12733,10550.54,2182.459999999999,17.140186915887842
2027-05-12,Monitor,Tecnologia,Arequipa,B2B,6,1742,1355.72,10452,8134.32,2317.6800000000003,22.174512055109073
2027-05-13,Teclado,Tecnologia,Lima,E-Commerce,3,2743,1958.66,8229,5875.9800000000005,2353.0199999999995,28.594239883339405
2027-05-14,Laptop,Accesorios,Arequipa,App Movil,6,2397,1448.01,14382,8688.06,5693.9400000000005,39.59073842302879
2027-05-15,Teclado,Tecnologia,Arequipa,E-Commerce,6,974,669.7,5844,4018.2000000000003,1825.7999999999997,31.24229979466119
